config,median,mean,std
10-slot-40MHz,110.0,98.87444444444445,24.0428996788821
5-slot-20MHz,44.0,40.774,7.507216999042126
5-slot-40MHz,99.7,89.81700000000001,21.199966909636835
